dataset,model,seed,R2,CI_low,CI_high,MAE,RMSE,NRMSE,event_P,event_R,event_F1,n_test
rolling_mean,LSTM_chrono_retrain,0,0.5727127129247443,0.5337321129007895,0.6112647687002136,0.02176319638039655,0.030573005878329285,0.11939822668653985,0.6785714285714286,0.4342857142857143,0.5296167247386759,1324
rolling_mean,LSTM_chrono_retrain,1,0.545914518933442,0.5069710900200913,0.5852208474638075,0.0220655658400433,0.03151715169382863,0.12308544463798253,0.7142857142857143,0.45714285714285713,0.5574912891986062,1324
rolling_mean,LSTM_chrono_retrain,2,0.5246266936741072,0.48083629850631765,0.5671020547761125,0.022588856148569297,0.032247462735313086,0.12593756338711254,0.6696428571428571,0.42857142857142855,0.5226480836236934,1324
rolling_mean,LSTM_chrono_retrain,3,0.4990010177785381,0.45119171566107297,0.5470020374667331,0.022842682824423075,0.033105227431393706,0.12928743300850096,0.6486486486486487,0.4114285714285714,0.5034965034965035,1324
rolling_mean,LSTM_chrono_retrain,4,0.5447780613772928,0.5030493508946936,0.5892345118820925,0.02187367965907411,0.03155656665418773,0.12323937377372163,0.6386554621848739,0.4342857142857143,0.5170068027210885,1324
rolling_mean,TRANSFORMER_chrono_retrain,0,0.11540788003422475,0.09369592871275595,0.13804466912097585,0.032379032549226035,0.04398956700358892,0.17179456654800682,0.0,0.0,0.0,1324
rolling_mean,TRANSFORMER_chrono_retrain,1,0.12314455511887024,0.10348235960523462,0.1445309081787645,0.03217233048522838,0.04379677735932456,0.17104165590061082,0.0,0.0,0.0,1324
rolling_mean,TRANSFORMER_chrono_retrain,2,0.057294357090396986,0.04839630337661384,0.06432304197156279,0.03424350906264746,0.04541153763557409,0.17734785668032288,0.0,0.0,0.0,1324
rolling_mean,TRANSFORMER_chrono_retrain,3,0.11797195190311527,0.09358351198637863,0.14564990415125262,0.03218489100678271,0.04392576682822766,0.17154540466216736,0.0,0.0,0.0,1324
rolling_mean,TRANSFORMER_chrono_retrain,4,0.16092025067880178,0.13461137666500894,0.18859710062364937,0.03199583648445538,0.04284299013794375,0.16731678490420446,0.0,0.0,0.0,1324
cleaned_data,LSTM_chrono_retrain,0,0.07379748118776919,0.004567518348124297,0.1467978172609547,0.06479216851325907,0.08607786471312755,0.21412404157494414,0.5135135135135135,0.14285714285714285,0.2235294117647059,1169
cleaned_data,LSTM_chrono_retrain,1,0.0173832817002596,-0.0693779697266754,0.10522283674392108,0.06586819541298802,0.08866058259909756,0.2205487129330785,0.39344262295081966,0.18045112781954886,0.24742268041237114,1169
cleaned_data,LSTM_chrono_retrain,2,0.032722605141496275,-0.048168186756398015,0.10217711201536288,0.06632781685035999,0.08796583419310662,0.21882048306742938,0.45,0.13533834586466165,0.20809248554913296,1169
cleaned_data,LSTM_chrono_retrain,3,0.14409547506681575,0.08158875771155633,0.1912906858452916,0.06201352511222695,0.08274679234474322,0.2058377919023463,0.5217391304347826,0.09022556390977443,0.15384615384615385,1169
cleaned_data,LSTM_chrono_retrain,4,0.1662139038812217,0.10534107756169055,0.21439768063568226,0.061438411300232317,0.08167061588479992,0.20316073603184057,0.75,0.06766917293233082,0.12413793103448276,1169
cleaned_data,TRANSFORMER_chrono_retrain,0,0.0013593884754633523,-0.007374974916203358,0.007563159394465323,0.07006136473398926,0.08938056960544626,0.2223397253866822,0.0,0.0,0.0,1169
cleaned_data,TRANSFORMER_chrono_retrain,1,0.011320429661072495,-0.0032811315447617002,0.022197910942750268,0.06852690658934409,0.08893368469898852,0.2212280713905187,0.0,0.0,0.0,1169
cleaned_data,TRANSFORMER_chrono_retrain,2,0.0034814089723880226,-0.010945076638730466,0.01440332525292628,0.06846225498730145,0.08928555631326368,0.22210337391359122,0.0,0.0,0.0,1169
cleaned_data,TRANSFORMER_chrono_retrain,3,-0.0050113684956649696,-0.014938851116100032,0.0030133486369835474,0.07028681368528011,0.08966521486167196,0.2230477981633631,0.0,0.0,0.0,1169
cleaned_data,TRANSFORMER_chrono_retrain,4,0.009665372091346658,-0.006549398573331483,0.025676864645819055,0.06895578121124321,0.08900809142515043,0.2214131627491304,0.0,0.0,0.0,1169
processed_seq,LSTM_chrono_retrain,0,0.19898168067244537,0.12212525638434017,0.2720324062700382,0.057551798074321814,0.08064186798549156,0.2011019151757894,0.6486486486486487,0.21818181818181817,0.32653061224489793,1202
processed_seq,LSTM_chrono_retrain,1,0.21478738297964473,0.1410825384476581,0.2844615403913354,0.05680698335170745,0.07984229090382314,0.19910795736614248,0.6388888888888888,0.20909090909090908,0.3150684931506849,1202
processed_seq,LSTM_chrono_retrain,2,0.00867627210290689,-0.0810593932386593,0.10055737411414697,0.06469415248370111,0.08971129082352182,0.22371892973446836,0.417910447761194,0.2545454545454545,0.3163841807909605,1202
processed_seq,LSTM_chrono_retrain,3,0.08261633498260834,-0.01642087524096423,0.16838975949651225,0.06161622886501017,0.08630080690126679,0.21521398229742342,0.515625,0.3,0.3793103448275862,1202
processed_seq,LSTM_chrono_retrain,4,0.2462007608025768,0.1798145820988594,0.312243175110623,0.05548740410145229,0.0782288961780113,0.1950845291222227,0.7777777777777778,0.19090909090909092,0.30656934306569344,1202
processed_seq,TRANSFORMER_chrono_retrain,0,0.042286428029669754,0.01655713046086421,0.06290117780026212,0.06971272038813439,0.08817737702464029,0.21989370829087354,0.0,0.0,0.0,1202
processed_seq,TRANSFORMER_chrono_retrain,1,0.03733138015498638,0.014429408046159765,0.057624743110987156,0.07005825861470276,0.08840519014804525,0.22046182081806795,0.0,0.0,0.0,1202
processed_seq,TRANSFORMER_chrono_retrain,2,0.03131949215320429,0.006931677933507699,0.05199460421131225,0.07164317646260666,0.08868080674777706,0.2211491440094191,0.0,0.0,0.0,1202
processed_seq,TRANSFORMER_chrono_retrain,3,0.025592497338637776,0.011652163750309391,0.036980879726018885,0.07052777620797943,0.08894256801384338,0.2218019152464922,0.0,0.0,0.0,1202
processed_seq,TRANSFORMER_chrono_retrain,4,0.022986349117683824,0.005010159102127623,0.035957768749175605,0.07047182639530812,0.0890614313899991,0.22209833264338927,0.0,0.0,0.0,1202
hydrographic,LSTM_chrono_retrain,0,0.43239745636384386,0.3416563755533216,0.5143156755930395,0.15050556122054284,0.22734984838612468,0.15788183915703102,0.8461538461538461,0.13095238095238096,0.2268041237113402,694
hydrographic,LSTM_chrono_retrain,1,0.44019933694622637,0.35385477567539386,0.5229123301525795,0.14862303836287272,0.22578194329569473,0.1567930161775658,0.8,0.14285714285714285,0.24242424242424243,694
hydrographic,LSTM_chrono_retrain,2,0.4420989878701782,0.3477813486443198,0.5263767509373735,0.14681887777377273,0.22539852881278888,0.15652675611999228,0.7647058823529411,0.15476190476190477,0.25742574257425743,694
hydrographic,LSTM_chrono_retrain,3,0.43390115067078927,0.3489300405740329,0.5146816786309888,0.15141818577944374,0.2270485007317056,0.15767256995257334,0.8,0.14285714285714285,0.24242424242424243,694
hydrographic,LSTM_chrono_retrain,4,0.4336760348975094,0.34546711294177224,0.5181515678467197,0.14967392346786834,0.22709364047942387,0.15770391699959993,0.8235294117647058,0.16666666666666666,0.27722772277227725,694
hydrographic,TRANSFORMER_chrono_retrain,0,0.18843805037237393,0.10502051063369626,0.25841437199950945,0.21136952250594707,0.271852506011522,0.1887864625080014,0.0,0.0,0.0,694
hydrographic,TRANSFORMER_chrono_retrain,1,0.30687045374146005,0.22720977896537325,0.3869963956724846,0.18303778106867408,0.2512347494044071,0.1744685759752827,0.6,0.14285714285714285,0.23076923076923078,694
hydrographic,TRANSFORMER_chrono_retrain,2,0.3400079562504509,0.2586544970888316,0.41836616202554366,0.17524958390667392,0.2451556193874258,0.1702469579079346,0.0,0.0,0.0,694
hydrographic,TRANSFORMER_chrono_retrain,3,0.4251869002379276,0.3477539468643332,0.5096691895357579,0.15238695364005284,0.22878936392831256,0.15888150272799484,0.6428571428571429,0.10714285714285714,0.1836734693877551,694
hydrographic,TRANSFORMER_chrono_retrain,4,0.35223787659856987,0.2741903396028784,0.42744286323716507,0.18187586375375303,0.24287358163526915,0.16866220946893692,0.6,0.03571428571428571,0.06741573033707865,694
biotoxin,LSTM_chrono_retrain,0,0.008935453079014222,-0.041477560258103854,0.04889419996219293,17.133502198122294,20.618190448221437,0.23464425228429994,0.0,0.0,0.0,757
biotoxin,LSTM_chrono_retrain,1,-0.03402317040602054,-0.08162738586247836,0.0028616372884537524,17.332507065555063,21.060307687094127,0.23967574470347247,0.0,0.0,0.0,757
biotoxin,LSTM_chrono_retrain,2,0.08805291684899297,0.04238687609663282,0.1317703487984318,15.502702937359224,19.778092143404535,0.22508355688408482,0.0,0.0,0.0,757
biotoxin,LSTM_chrono_retrain,3,0.058160593546854766,0.016718476256577415,0.0996917532101819,16.715992530812674,20.099627332890435,0.22874277151349076,0.0,0.0,0.0,757
biotoxin,LSTM_chrono_retrain,4,-0.0569946340044587,-0.09803298351770721,-0.023111066761045723,18.09840154594915,21.292956548829203,0.24232339306736317,0.0,0.0,0.0,757
biotoxin,TRANSFORMER_chrono_retrain,0,-0.0011332012761626764,-0.009934747554657158,-1.1372532757975072e-05,17.773422001948287,20.722660347332802,0.2358331665794105,0.0,0.0,0.0,757
biotoxin,TRANSFORMER_chrono_retrain,1,-0.0016816936647134906,-0.011439362762610965,-6.199241684373691e-06,17.773221037447687,20.728336247940014,0.23589776087333575,0.0,0.0,0.0,757
biotoxin,TRANSFORMER_chrono_retrain,2,-0.001200892266347564,-0.010131278361575524,-1.4500593107302807e-05,17.773394893409396,20.723360910297796,0.23584113930007733,0.0,0.0,0.0,757
biotoxin,TRANSFORMER_chrono_retrain,3,-0.0032733721812785443,-0.015048456252507253,-9.498042038986746e-05,17.773510543742614,20.744798439293202,0.23608510799241153,0.0,0.0,0.0,757
biotoxin,TRANSFORMER_chrono_retrain,4,-0.001408043404435455,-0.010711426169433724,-6.239953332581921e-06,17.773316372124334,20.725504658771378,0.23586553611894134,0.0,0.0,0.0,757
